{
  "claude_v6": 1526.5778295452078,
  "claude_v1": 1461.7051644070966,
  "claude_v2": 1524.0284277400565,
  "claude_v3": 1497.3829407251908,
  "claude_v4": 1494.8693161086921,
  "claude_v5": 1496.6582239343184,
  "claude_v7": 1477.6388830557473,
  "claude_v8": 1521.1392144836905
}